{
    "m_Version": 12,
    "DisplayName": "Couteaux Renegade",
    "Icon": "Deliver",
    "Color": "FBFCFEFF",
    "IsExchange": 0,
    "InitStockPercent": 75,
    "Items": [
      {
        "ClassName": "RenegadeHatchet",
        "MaxPriceThreshold": 50000,
        "MinPriceThreshold": 50000,
        "SellPricePercent": -1,
        "MaxStockThreshold": 100,
        "MinStockThreshold": 1,
        "QuantityPercent": -1,
        "SpawnAttachments": [],
        "Variants": []
      },
      {
        "ClassName": "RenegadeHuntingKnife",
        "MaxPriceThreshold": 50000,
        "MinPriceThreshold": 50000,
        "SellPricePercent": -1,
        "MaxStockThreshold": 100,
        "MinStockThreshold": 1,
        "QuantityPercent": -1,
        "SpawnAttachments": [],
        "Variants": []
      }
    ]
    }