{
  "m_Version": 12,
  "DisplayName": "Sac à dos Reneegade",
  "Icon": "Deliver",
  "Color": "FBFCFEFF",
  "IsExchange": 0,
  "InitStockPercent": 75,
  "Items": [
    {
      "ClassName": "Renegade_BlackCoyoteBackpack",
      "MaxPriceThreshold": 500000,
      "MinPriceThreshold": 500000,
      "SellPricePercent": -1,
      "MaxStockThreshold": 100,
      "MinStockThreshold": 1,
      "QuantityPercent": -1,
      "SpawnAttachments": [],
      "Variants": [
        "Renegade_BlackCoyoteBackpack",
        "Renegade_BlackBlueCoyoteBackpack",
        "Renegade_BlackOrangeCoyoteBackpack",
        "Renegade_BlackScaleCoyoteBackpack",
        "Renegade_BlueCamoCoyoteBackpack",
        "Renegade_DarkCamoCoyoteBackpack",
        "Renegade_LightCamoCoyoteBackpack",
        "Renegade_CamoScaleCoyoteBackpack",
        "Renegade_GalaxyCoyoteBackpack",
        "Renegade_NavyGoldCoyoteBackpack",
        "Renegade_OrangeLinesCoyoteBackpack",
        "Renegade_PinkCamoCoyoteBackpack",
        "Renegade_RedScaleCoyoteBackpack",
        "Renegade_BlackBlueDarkCoyoteBackpack",
        "Renegade_BlackCamoCoyoteBackpack",
        "Renegade_BlackGreenCoyoteBackpack",
        "Renegade_BlackPixelCoyoteBackpack",
        "Renegade_BlackYellowPixelCoyoteBackpack",
        "Renegade_BlueCamoPixelCoyoteBackpack",
        "Renegade_BlueGrunge_2CoyoteBackpack",
        "Renegade_BlueGrungeCoyoteBackpack",
        "Renegade_BluePixelCoyoteBackpack",
        "Renegade_BrightGreenCoyoteBackpack",
        "Renegade_Camo1CoyoteBackpack",
        "Renegade_ForestCoyoteBackpack",
        "Renegade_ForestGreenCoyoteBackpack",
        "Renegade_GreenCamo_2CoyoteBackpack",
        "Renegade_GreenCamo_3CoyoteBackpack",
        "Renegade_GreenCamo_4CoyoteBackpack",
        "Renegade_GreenCamoCoyoteBackpack",
        "Renegade_GreenPixelCoyoteBackpack"
      ]
    },
    {
      "ClassName": "Renegade_BlackTortillaBag",
      "MaxPriceThreshold": 500000,
      "MinPriceThreshold": 500000,
      "SellPricePercent": -1,
      "MaxStockThreshold": 100,
      "MinStockThreshold": 1,
      "QuantityPercent": -1,
      "SpawnAttachments": [],
      "Variants": [
        "Renegade_BlackBlueTortillaBag",
        "Renegade_BlackOrangeTortillaBag",
        "Renegade_BlackScaleTortillaBag",
        "Renegade_BlueCamoTortillaBag",
        "Renegade_DarkCamoTortillaBag",
        "Renegade_LightCamoTortillaBag",
        "Renegade_CamoScaleTortillaBag",
        "Renegade_GalaxyTortillaBag",
        "Renegade_NavyGoldTortillaBag",
        "Renegade_OrangeLinesTortillaBag",
        "Renegade_PinkCamoTortillaBag",
        "Renegade_RedScaleTortillaBag",
        "Renegade_BlackBlueDarkTortillaBag",
        "Renegade_BlackCamoTortillaBag",
        "Renegade_BlackGreenTortillaBag",
        "Renegade_BlackPixelTortillaBag",
        "Renegade_BlackYellowPixelTortillaBag",                           
        "Renegade_BlueCamoPixelTortillaBag",
        "Renegade_BlueGrunge_2TortillaBag",
        "Renegade_BlueGrungeTortillaBag",
        "Renegade_BluePixelTortillaBag",
        "Renegade_BrightGreenTortillaBag",
        "Renegade_Camo1TortillaBag",
        "Renegade_ForestTortillaBag",
        "Renegade_ForestGreenTortillaBag",
        "Renegade_GreenCamo_2TortillaBag",
        "Renegade_GreenCamo_3TortillaBag",
        "Renegade_GreenCamo_4TortillaBag",
        "Renegade_GreenCamoTortillaBag",
        "Renegade_GreenPixelTortillaBag",
        "Renegade_MilitaryCamoTortillaBag",
        "Renegade_MilitaryCamo_2TortillaBag",
        "Renegade_OrangeCamoTortillaBag",
        "Renegade_RedCamoTortillaBag",
        "Renegade_RedGreyCamoTortillaBag",
        "Renegade_PureBlackTortillaBag"
      ]
    },
    {
      "ClassName": "Renegade_BlackMountainBag",
      "MaxPriceThreshold": 500000,
      "MinPriceThreshold": 500000,
      "SellPricePercent": -1,
      "MaxStockThreshold": 100,
      "MinStockThreshold": 1,
      "QuantityPercent": -1,
      "SpawnAttachments": [],
      "Variants": [
       "Renegade_BlackBlueMountainBag",
       "Renegade_BlackOrangeMountainBag",
       "Renegade_BlackScaleMountainBag",
       "Renegade_BlueCamoMountainBag",
       "Renegade_DarkCamoMountainBag",
       "Renegade_LightCamoMountainBag",
       "Renegade_CamoScaleMountainBag",
       "Renegade_GalaxyMountainBag",
       "Renegade_NavyGoldMountainBag",
       "Renegade_OrangeLinesMountainBag",
       "Renegade_PinkCamoMountainBag",
       "Renegade_RedScaleMountainBag",
       "Renegade_BlackBlueDarkMountainBag",
       "Renegade_BlackCamoMountainBag",
       "Renegade_BlackGreenMountainBag",
       "Renegade_BlackPixelMountainBag",
       "Renegade_BlackYellowPixelMountainBag",                           
       "Renegade_BlueCamoPixelMountainBag",
       "Renegade_BlueGrunge_2MountainBag",
       "Renegade_BlueGrungeMountainBag",
       "Renegade_BluePixelMountainBag",
       "Renegade_BrightGreenMountainBag",
       "Renegade_Camo1MountainBag",
       "Renegade_ForestMountainBag",
       "Renegade_ForestGreenMountainBag",
       "Renegade_GreenCamo_2MountainBag",
       "Renegade_GreenCamo_3MountainBag",
       "Renegade_GreenCamo_4MountainBag",
       "Renegade_GreenCamoMountainBag",
       "Renegade_GreenPixelMountainBag",
       "Renegade_MilitaryCamoMountainBag",
       "Renegade_MilitaryCamo_2MountainBag",
       "Renegade_OrangeCamoMountainBag",
       "Renegade_RedCamoMountainBag",
       "Renegade_RedGreyCamoMountainBag",
       "Renegade_PureBlackMountainBag"
      ]
    },
    {
      "ClassName": "Renegade_BlackWaterProofBag",
      "MaxPriceThreshold": 200000,
      "MinPriceThreshold": 200000,
      "SellPricePercent": -1,
      "MaxStockThreshold": 100,
      "MinStockThreshold": 1,
      "QuantityPercent": -1,
      "SpawnAttachments": [],
      "Variants": [
          "Renegade_BlackBlueWaterProofBag",
          "Renegade_BlackOrangeWaterProofBag",
          "Renegade_BlackScaleWaterProofBag",
          "Renegade_BlueCamoWaterProofBag",
          "Renegade_DarkCamoWaterProofBag",
          "Renegade_LightCamoWaterProofBag",
          "Renegade_CamoScaleWaterProofBag",
          "Renegade_GalaxyWaterProofBag",
          "Renegade_NavyGoldWaterProofBag",
          "Renegade_OrangeLinesWaterProofBag",
          "Renegade_PinkCamoWaterProofBag",
          "Renegade_RedScaleWaterProofBag",
          "Renegade_BlackBlueDarkWaterProofBag",                            
          "Renegade_BlackCamoWaterProofBag",
          "Renegade_BlackGreenWaterProofBag",
          "Renegade_BlackPixelWaterProofBag",
          "Renegade_BlackYellowPixelWaterProofBag",                        
          "Renegade_BlueCamoPixelWaterProofBag",                            
          "Renegade_BlueGrunge_2WaterProofBag",
          "Renegade_BlueGrungeWaterProofBag",
          "Renegade_BluePixelWaterProofBag",
          "Renegade_BrightGreenWaterProofBag",
          "Renegade_Camo1WaterProofBag",
          "Renegade_ForestWaterProofBag",
          "Renegade_ForestGreenWaterProofBag",
          "Renegade_GreenCamo_2WaterProofBag",
          "Renegade_GreenCamo_3WaterProofBag",
          "Renegade_GreenCamo_4WaterProofBag",
          "Renegade_GreenCamoWaterProofBag",
          "Renegade_GreenPixelWaterProofBag",
          "Renegade_MilitaryCamoWaterProofBag",
          "Renegade_MilitaryCamo_2WaterProofBag",                          
          "Renegade_OrangeCamoWaterProofBag",
          "Renegade_RedCamoWaterProofBag",
          "Renegade_RedGreyCamoWaterProofBag",
          "Renegade_PureBlackWaterProofBag"
      ]
    }
  ]
}