{
    "m_Version": 12,
    "DisplayName": "Gourdes Renegade",
    "Icon": "Deliver",
    "Color": "FBFCFEFF",
    "IsExchange": 0,
    "InitStockPercent": 75,
    "Items": [
      {
        "ClassName": "Renegade_BlackCanteen",
        "MaxPriceThreshold": 50000,
        "MinPriceThreshold": 50000,
        "SellPricePercent": -1,
        "MaxStockThreshold": 100,
        "MinStockThreshold": 1,
        "QuantityPercent": -1,
        "SpawnAttachments": [],
        "Variants": [
            "Renegade_BlackBlueCanteen",
            "Renegade_BlackOrangeCanteen",
            "Renegade_BlackScaleCanteen",
            "Renegade_BlueCamoCanteen",
            "Renegade_DarkCamoCanteen",
            "Renegade_LightCamoCanteen",
            "Renegade_CamoScaleCanteen",
            "Renegade_GalaxyCanteen",
            "Renegade_NavyGoldCanteen",
            "Renegade_OrangeLinesCanteen",
            "Renegade_PinkCamoCanteen",
            "Renegade_RedScaleCanteen",
            "Renegade_BlackBlueDarkCanteen",
            "Renegade_BlackCamoCanteen",
            "Renegade_BlackGreenCanteen",
            "Renegade_BlackPixelCanteen",
            "Renegade_BlackYellowPixelCanteen",
            "Renegade_BlueCamoPixelCanteen",
            "Renegade_BlueGrunge_2Canteen",
            "Renegade_BlueGrungeCanteen",
            "Renegade_BluePixelCanteen",
            "Renegade_BrightGreenCanteen",
            "Renegade_Camo1Canteen",
            "Renegade_ForestCanteen",
            "Renegade_ForestGreenCanteen",
            "Renegade_GreenCamo_2Canteen",
            "Renegade_GreenCamo_3Canteen",
            "Renegade_GreenCamo_4Canteen",
            "Renegade_GreenCamoCanteen",
            "Renegade_GreenPixelCanteen",
            "Renegade_MilitaryCamoCanteen",
            "Renegade_MilitaryCamo_2Canteen",
            "Renegade_OrangeCamoCanteen",
            "Renegade_RedCamoCanteen",
            "Renegade_RedGreyCamoCanteen",
            "Renegade_PureBlackCanteen"
        ]
      }
    ]
    }