{
    "m_Version": 12,
    "DisplayName": "Ghillie Renegade",
    "Icon": "Deliver",
    "Color": "FBFCFEFF",
    "IsExchange": 0,
    "InitStockPercent": 75,
    "Items": [
      {
        "ClassName": "Renegade_PureBlackGhillieWrap",
        "MaxPriceThreshold": 500000,
        "MinPriceThreshold": 500000,
        "SellPricePercent": -1,
        "MaxStockThreshold": 100,
        "MinStockThreshold": 1,
        "QuantityPercent": -1,
        "SpawnAttachments": [],
        "Variants": [
            "Renegade_BlackGhillieWrap",
            "Renegade_BlackBlueGhillieWrap",
            "Renegade_BlackOrangeGhillieWrap",
            "Renegade_BlackScaleGhillieWrap",
            "Renegade_BlueCamoGhillieWrap",
            "Renegade_DarkCamoGhillieWrap",
            "Renegade_LightCamoGhillieWrap",
            "Renegade_CamoScaleGhillieWrap",
            "Renegade_GalaxyGhillieWrap",
            "Renegade_NavyGoldGhillieWrap",
            "Renegade_OrangeLinesGhillieWrap",
            "Renegade_PinkCamoGhillieWrap",
            "Renegade_RedScaleGhillieWrap",
            "Renegade_BlackBlueDarkGhillieWrap",
            "Renegade_BlackCamoGhillieWrap",
            "Renegade_BlackGreenGhillieWrap",
            "Renegade_BlackPixelGhillieWrap",
            "Renegade_BlackYellowPixelGhillieWrap",
            "Renegade_BlueCamoPixelGhillieWrap",
            "Renegade_BlueGrunge_2GhillieWrap",
            "Renegade_BlueGrungeGhillieWrap",
            "Renegade_BluePixelGhillieWrap",
            "Renegade_BrightGreenGhillieWrap",
            "Renegade_Camo1GhillieWrap",
            "Renegade_ForestGhillieWrap",
            "Renegade_ForestGreenGhillieWrap",
            "Renegade_GreenCamo_2GhillieWrap",
            "Renegade_GreenCamo_3GhillieWrap",
            "Renegade_GreenCamo_4GhillieWrap",
            "Renegade_GreenCamoGhillieWrap",
            "Renegade_GreenPixelGhillieWrap",
            "Renegade_MilitaryCamoGhillieWrap",
            "Renegade_MilitaryCamo_2GhillieWrap",
            "Renegade_OrangeCamoGhillieWrap",
            "Renegade_RedCamoGhillieWrap",
            "Renegade_RedGreyCamoGhillieWrap",
            "Renegade_BrownGhillieWrap",
            "Renegade_DarkGreenGhillieWrap",
            "Renegade_ForestGreen_2GhillieWrap",
            "Renegade_TanGhillieWrap"
        ]
      },
      {
        "ClassName": "Renegade_BlackGhillieArmband",
        "MaxPriceThreshold": 500000,
        "MinPriceThreshold": 500000,
        "SellPricePercent": -1,
        "MaxStockThreshold": 100,
        "MinStockThreshold": 1,
        "QuantityPercent": -1,
        "SpawnAttachments": [],
        "Variants": [
            "Renegade_BlackBlueGhillieArmband",
            "Renegade_BlackOrangeGhillieArmband",
            "Renegade_BlackScaleGhillieArmband",
            "Renegade_BlueCamoGhillieArmband",
            "Renegade_DarkCamoGhillieArmband",
            "Renegade_LightCamoGhillieArmband",
            "Renegade_CamoScaleGhillieArmband",
            "Renegade_GalaxyGhillieArmband",
            "Renegade_NavyGoldGhillieArmband",
            "Renegade_OrangeLinesGhillieArmband",
            "Renegade_PinkCamoGhillieArmband",
            "Renegade_RedScaleGhillieArmband",
            "Renegade_BlackBlueDarkGhillieArmband",                           
            "Renegade_BlackCamoGhillieArmband",
            "Renegade_BlackGreenGhillieArmband",
            "Renegade_BlackPixelGhillieArmband",
            "Renegade_BlackYellowPixelGhillieArmband",                        
            "Renegade_BlueCamoPixelGhillieArmband",                           
            "Renegade_BlueGrunge_2GhillieArmband",                           
            "Renegade_BlueGrungeGhillieArmband",
            "Renegade_BluePixelGhillieArmband",
            "Renegade_BrightGreenGhillieArmband",
            "Renegade_Camo1GhillieArmband",
            "Renegade_ForestGhillieArmband",
            "Renegade_ForestGreenGhillieArmband",
            "Renegade_GreenCamo_2GhillieArmband",
            "Renegade_GreenCamo_3GhillieArmband",
            "Renegade_GreenCamo_4GhillieArmband",
            "Renegade_GreenCamoGhillieArmband",
            "Renegade_GreenPixelGhillieArmband",
            "Renegade_MilitaryCamoGhillieArmband",                            
            "Renegade_MilitaryCamo_2GhillieArmband",                          
            "Renegade_OrangeCamoGhillieArmband",
            "Renegade_RedCamoGhillieArmband",
            "Renegade_RedGreyCamoGhillieArmband",
            "Renegade_PureBlackGhillieArmband"
        ]
      }
    ]
    }