{
    "m_Version": 12,
    "DisplayName": "Gants Reneegade",
    "Icon": "Deliver",
    "Color": "FBFCFEFF",
    "IsExchange": 0,
    "InitStockPercent": 75,
    "Items": [
      {
        "ClassName": "Renegade_BlackGloves",
        "MaxPriceThreshold": 500000,
        "MinPriceThreshold": 500000,
        "SellPricePercent": -1,
        "MaxStockThreshold": 100,
        "MinStockThreshold": 1,
        "QuantityPercent": -1,
        "SpawnAttachments": [],
        "Variants": [
            "Renegade_BlackBlueGloves",
            "Renegade_BlackOrangeCamoGloves",
            "Renegade_BlackScaleGloves",
            "Renegade_BlueCamoGloves",
            "Renegade_DarkCamoGloves",
            "Renegade_LightCamoGloves",
            "Renegade_CamoScaleGloves",
            "Renegade_GalaxyGloves",
            "Renegade_NavyGoldGloves",
            "Renegade_OrangeLinesGloves",
            "Renegade_PinkCamoGloves",
            "Renegade_RedScaleGloves",
            "Renegade_BlackBlueDarkGloves",
            "Renegade_BlackCamoGloves",
            "Renegade_BlackGreenGloves",
            "Renegade_BlackPixelGloves",
            "Renegade_BlackYellowPixelGloves",
            "Renegade_BlueCamoPixelGloves",
            "Renegade_BlueGrunge_2Gloves",
            "Renegade_BlueGrungeGloves",
            "Renegade_BluePixelGloves",
            "Renegade_BrightGreenGloves",
            "Renegade_Camo1Gloves",
            "Renegade_ForestGloves",
            "Renegade_ForestGreenGloves",
            "Renegade_GreenCamo_2Gloves",
            "Renegade_GreenCamo_3Gloves",
            "Renegade_GreenCamo_4Gloves",
            "Renegade_GreenCamoGloves",
            "Renegade_GreenPixelGloves",
            "Renegade_MilitaryCamoGloves",
            "Renegade_MilitaryCamo_2Gloves",
            "Renegade_OrangeCamoGloves",
            "Renegade_RedCamoGloves",
            "Renegade_RedGreyCamoGloves",
            "Renegade_PureBlackGloves"
        ]
      }
    ]
  }