{
    "m_Version": 12,
    "DisplayName": "Casques Reneegade",
    "Icon": "Deliver",
    "Color": "FBFCFEFF",
    "IsExchange": 0,
    "InitStockPercent": 75,
    "Items": [
      {
        "ClassName": "Renegade_BlackHelmet",
        "MaxPriceThreshold": 500000,
        "MinPriceThreshold": 500000,
        "SellPricePercent": -1,
        "MaxStockThreshold": 100,
        "MinStockThreshold": 1,
        "QuantityPercent": -1,
        "SpawnAttachments": [],
        "Variants": [
            "Renegade_BlackBlueHelmet",
            "Renegade_BlackOrangeHelmet",
            "Renegade_BlackScaleHelmet",
            "Renegade_BlueCamoHelmet",
            "Renegade_DarkCamoHelmet",
            "Renegade_LightCamoHelmet",
            "Renegade_CamoScaleHelmet",
            "Renegade_GalaxyHelmet",
            "Renegade_NavyGoldHelmet",
            "Renegade_OrangeLinesHelmet",
            "Renegade_PinkCamoHelmet",
            "Renegade_RedScaleHelmet",
            "Renegade_BlackBlueDarkHelmet",
            "Renegade_BlackCamoHelmet",
            "Renegade_BlackGreenHelmet",
            "Renegade_BlackPixelHelmet",
            "Renegade_BlackYellowPixelHelmet",
            "Renegade_BlueCamoPixelHelmet",
            "Renegade_BlueGrunge_2Helmet",
            "Renegade_BlueGrungeHelmet",
            "Renegade_BluePixelHelmet",
            "Renegade_BrightGreenHelmet",
            "Renegade_Camo1Helmet",
            "Renegade_ForestHelmet",
            "Renegade_ForestGreenHelmet",
            "Renegade_GreenCamo_2Helmet",
            "Renegade_GreenCamo_3Helmet",
            "Renegade_GreenCamo_4Helmet",
            "Renegade_GreenCamoHelmet",
            "Renegade_GreenPixelHelmet",
            "Renegade_MilitaryCamoHelmet",
            "Renegade_MilitaryCamo_2Helmet",
            "Renegade_OrangeCamoHelmet",
            "Renegade_RedCamoHelmet",
            "Renegade_RedGreyCamoHelmet",
            "Renegade_PureBlackHelmet"
        ]
      },
      {
        "ClassName": "Renegade_BlkBlueCamo_NVGoggles",
        "MaxPriceThreshold": 50000,
        "MinPriceThreshold": 50000,
        "SellPricePercent": -1,
        "MaxStockThreshold": 100,
        "MinStockThreshold": 1,
        "QuantityPercent": -1,
        "SpawnAttachments": [],
        "Variants": [
            "Renegade_BlackPixel_NVGoggles",
            "Renegade_BlueGrunge_NVGoggles",
            "Renegade_ForestGreen_NVGoggles",
            "Renegade_GreenCamo_NVGoggles",
            "Renegade_MilitaryCamo_NVGoggles",
            "Renegade_RedCamo_NVGoggles"
        ]
      },
      {
        "ClassName": "Renegade_BlackCamo_GP5_Mask",
        "MaxPriceThreshold": 50000,
        "MinPriceThreshold": 50000,
        "SellPricePercent": -1,
        "MaxStockThreshold": 100,
        "MinStockThreshold": 1,
        "QuantityPercent": -1,
        "SpawnAttachments": [],
        "Variants": [
          "Renegade_BlueCamo_GP5_Mask",
          "Renegade_LightBlueCamo_GP5_Mask",
          "Renegade_MilitaryCamo_GP5_Mask",
          "Renegade_PurpleCamo_GP5_Mask",
          "Renegade_RedCamo_GP5_Mask",
          "Renegade_ToxicGreen_GP5_Mask",
          "Renegade_ToxicYellow_GP5_Mask"
        ]
      }
    ]
    }