{
    "m_Version": 12,
    "DisplayName": "Holster Renegade",
    "Icon": "Deliver",
    "Color": "FBFCFEFF",
    "IsExchange": 0,
    "InitStockPercent": 75,
    "Items": [
      {
        "ClassName": "Renegade_BlackPlateCarrierHolster",
        "MaxPriceThreshold": 50000,
        "MinPriceThreshold": 50000,
        "SellPricePercent": -1,
        "MaxStockThreshold": 100,
        "MinStockThreshold": 1,
        "QuantityPercent": -1,
        "SpawnAttachments": [],
        "Variants": [
            "Renegade_BlackBluePlateCarrierHolster",                         
            "Renegade_BlackOrangePlateCarrierHolster",                      
            "Renegade_BlackScalePlateCarrierHolster",                         
            "Renegade_BlueCamoPlateCarrierHolster",                           
            "Renegade_DarkCamoPlateCarrierHolster",                           
            "Renegade_LightCamoPlateCarrierHolster",                          
            "Renegade_CamoScalePlateCarrierHolster",                          
            "Renegade_GalaxyPlateCarrierHolster",                            
            "Renegade_NavyGoldPlateCarrierHolster",                         
            "Renegade_OrangeLinesPlateCarrierHolster",                    
            "Renegade_PinkCamoPlateCarrierHolster",                          
            "Renegade_RedScalePlateCarrierHolster",                         
            "Renegade_BlackBlueDarkPlateCarrierHolster",                     
            "Renegade_BlackCamoPlateCarrierHolster",                         
            "Renegade_BlackGreenPlateCarrierHolster",                        
            "Renegade_BlackPixelPlateCarrierHolster",                         
            "Renegade_BlackYellowPixelPlateCarrierHolster",               
            "Renegade_BlueCamoPixelPlateCarrierHolster",                   
            "Renegade_BlueGrunge_2PlateCarrierHolster",                      
            "Renegade_BlueGrungePlateCarrierHolster",                         
            "Renegade_BluePixelPlateCarrierHolster",                          
            "Renegade_BrightGreenPlateCarrierHolster",                        
            "Renegade_Camo1PlateCarrierHolster",
            "Renegade_ForestPlateCarrierHolster",                             
            "Renegade_ForestGreenPlateCarrierHolster",                        
            "Renegade_GreenCamo_2PlateCarrierHolster",                       
            "Renegade_GreenCamo_3PlateCarrierHolster",                        
            "Renegade_GreenCamo_4PlateCarrierHolster",                        
            "Renegade_GreenCamoPlateCarrierHolster",                          
            "Renegade_GreenPixelPlateCarrierHolster",                        
            "Renegade_MilitaryCamoPlateCarrierHolster",                       
            "Renegade_MilitaryCamo_2PlateCarrierHolster",                     
            "Renegade_OrangeCamoPlateCarrierHolster",                        
            "Renegade_RedCamoPlateCarrierHolster",                          
            "Renegade_RedGreyCamoPlateCarrierHolster",                        
            "Renegade_PureBlackPlateCarrierHolster"
        ]
      }
    ]
    }