{
    "m_Version": 12,
    "DisplayName": "Vestes Reneegade",
    "Icon": "Deliver",
    "Color": "FBFCFEFF",
    "IsExchange": 0,
    "InitStockPercent": 75,
    "Items": [
      {
        "ClassName": "Renegade_BlackGorkaJacket",
        "MaxPriceThreshold": 500000,
        "MinPriceThreshold": 500000,
        "SellPricePercent": -1,
        "MaxStockThreshold": 100,
        "MinStockThreshold": 1,
        "QuantityPercent": -1,
        "SpawnAttachments": [],
        "Variants": [
            "Renegade_BlackBlueGorkaJacket",
            "Renegade_BlackOrangeGorkaJacket",
            "Renegade_BlackScaleGorkaJacket",
            "Renegade_BlueCamoGorkaJacket",
            "Renegade_DarkCamoGorkaJacket",
            "Renegade_LightCamoGorkaJacket",
            "Renegade_CamoScaleGorkaJacket",
            "Renegade_GalaxyGorkaJacket",
            "Renegade_NavyGoldGorkaJacket",
            "Renegade_OrangeLinesGorkaJacket",
            "Renegade_PinkCamoGorkaJacket",
            "Renegade_RedScaleGorkaJacket",
            "Renegade_BlackBlueDarkGorkaJacket",
            "Renegade_BlackCamoGorkaJacket",
            "Renegade_BlackGreenGorkaJacket",
            "Renegade_BlackPixelGorkaJacket",
            "Renegade_BlackYellowPixelGorkaJacket",                        
            "Renegade_BlueCamoPixelGorkaJacket",
            "Renegade_BlueGrunge_2GorkaJacket",
            "Renegade_BlueGrungeGorkaJacket",
            "Renegade_BluePixelGorkaJacket",
            "Renegade_BrightGreenGorkaJacket",
            "Renegade_Camo1GorkaJacket",
            "Renegade_ForestGorkaJacket",
            "Renegade_ForestGreenGorkaJacket",
            "Renegade_GreenCamo_2GorkaJacket",
            "Renegade_GreenCamo_3GorkaJacket",
            "Renegade_GreenCamo_4GorkaJacket",
            "Renegade_GreenCamoGorkaJacket",
            "Renegade_GreenPixelGorkaJacket",
            "Renegade_MilitaryCamoGorkaJacket",
            "Renegade_MilitaryCamo_2GorkaJacket",
            "Renegade_OrangeCamoGorkaJacket",
            "Renegade_RedCamoGorkaJacket",
            "Renegade_RedGreyCamoGorkaJacket"        
          ]
      },
      {
        "ClassName": "Renegade_BlackM65Jacket",
        "MaxPriceThreshold": 500000,
        "MinPriceThreshold": 500000,
        "SellPricePercent": -1,
        "MaxStockThreshold": 100,
        "MinStockThreshold": 1,
        "QuantityPercent": -1,
        "SpawnAttachments": [],
        "Variants": [
            "Renegade_BlackBlueM65Jacket",
            "Renegade_BlackOrangeM65Jacket",
            "Renegade_BlackScaleM65Jacket",
            "Renegade_BlueCamoM65Jacket",
            "Renegade_DarkCamoM65Jacket",
            "Renegade_LightCamoM65Jacket",
            "Renegade_CamoScaleM65Jacket",
            "Renegade_GalaxyM65Jacket",
            "Renegade_NavyGoldM65Jacket",
            "Renegade_OrangeLinesM65Jacket",
            "Renegade_PinkCamoM65Jacket",
            "Renegade_RedScaleM65Jacket",
            "Renegade_BlackBlueDarkM65Jacket",
            "Renegade_BlackCamoM65Jacket",
            "Renegade_BlackGreenM65Jacket",
            "Renegade_BlackPixelM65Jacket",
            "Renegade_BlackYellowPixelM65Jacket",
            "Renegade_BlueCamoPixelM65Jacket",
            "Renegade_BlueGrunge_2M65Jacket",
            "Renegade_BlueGrungeM65Jacket",
            "Renegade_BluePixelM65Jacket",
            "Renegade_BrightGreenM65Jacket",
            "Renegade_Camo1M65Jacket",
            "Renegade_ForestM65Jacket",
            "Renegade_ForestGreenM65Jacket",
            "Renegade_GreenCamo_2M65Jacket",
            "Renegade_GreenCamo_3M65Jacket",
            "Renegade_GreenCamo_4M65Jacket",
            "Renegade_GreenCamoM65Jacket",
            "Renegade_GreenPixelM65Jacket",
            "Renegade_MilitaryCamoM65Jacket",
            "Renegade_MilitaryCamo_2M65Jacket",
            "Renegade_OrangeCamoM65Jacket",
            "Renegade_RedCamoM65Jacket",
            "Renegade_RedGreyCamoM65Jacket",
            "Renegade_PureBlackM65Jacket"
        ]
      }
    ]
    }