{
    "m_Version": 12,
    "DisplayName": "Pantalons Renegade",
    "Icon": "Deliver",
    "Color": "FBFCFEFF",
    "IsExchange": 0,
    "InitStockPercent": 75,
    "Items": [
      {
        "ClassName": "Renegade_BlackGorkaPants",
        "MaxPriceThreshold": 500000,
        "MinPriceThreshold": 500000,
        "SellPricePercent": -1,
        "MaxStockThreshold": 100,
        "MinStockThreshold": 1,
        "QuantityPercent": -1,
        "SpawnAttachments": [],
        "Variants": [
            "Renegade_BlackBlueGorkaPants",
            "Renegade_BlackOrangeGorkaPants",
            "Renegade_BlackScaleGorkaPants",
            "Renegade_BlueCamoGorkaPants",
            "Renegade_DarkCamoGorkaPants",
            "Renegade_LightCamoGorkaPants",
            "Renegade_CamoScaleGorkaPants",
            "Renegade_GalaxyGorkaPants",
            "Renegade_NavyGoldGorkaPants",
            "Renegade_OrangeLinesGorkaPants",
            "Renegade_PinkCamoGorkaPants",
            "Renegade_RedScaleGorkaPants",
            "Renegade_BlackBlueDarkGorkaPants",
            "Renegade_BlackCamoGorkaPants",
            "Renegade_BlackGreenGorkaPants",
            "Renegade_BlackPixelGorkaPants",
            "Renegade_BlackYellowPixelGorkaPants",                     
            "Renegade_BlueCamoPixelGorkaPants",
            "Renegade_BlueGrunge_2GorkaPants",
            "Renegade_BlueGrungeGorkaPants",
            "Renegade_BluePixelGorkaPants",
            "Renegade_BrightGreenGorkaPants",
            "Renegade_Camo1GorkaPants",
            "Renegade_ForestGorkaPants",
            "Renegade_ForestGreenGorkaPants",
            "Renegade_GreenCamo_2GorkaPants",
            "Renegade_GreenCamo_3GorkaPants",
            "Renegade_GreenCamo_4GorkaPants",
            "Renegade_GreenCamoGorkaPants",
            "Renegade_GreenPixelGorkaPants",
            "Renegade_MilitaryCamoGorkaPants",
            "Renegade_MilitaryCamo_2GorkaPants",
            "Renegade_OrangeCamoGorkaPants",
            "Renegade_RedCamoGorkaPants",
            "Renegade_RedGreyCamoGorkaPants",
            "Renegade_PureBlackGorkaPants",
            "Renegade_PureBlackGorkaPants"
        ]
      },
      {
        "ClassName": "Renegade_BlackCargoPants",
        "MaxPriceThreshold": 500000,
        "MinPriceThreshold": 500000,
        "SellPricePercent": -1,
        "MaxStockThreshold": 100,
        "MinStockThreshold": 1,
        "QuantityPercent": -1,
        "SpawnAttachments": [],
        "Variants": [
            "Renegade_BlackBlueCargoPants",
            "Renegade_BlackOrangeCargoPants",
            "Renegade_BlackScaleCargoPants",
            "Renegade_BlueCamoCargoPants",
            "Renegade_DarkCamoCargoPants",
            "Renegade_LightCamoCargoPants",
            "Renegade_CamoScaleCargoPants",
            "Renegade_GalaxyCargoPants",
            "Renegade_NavyGoldCargoPants",
            "Renegade_OrangeLinesCargoPants",
            "Renegade_PinkCamoCargoPants",
            "Renegade_RedScaleCargoPants",
            "Renegade_BlackBlueDarkCargoPants",
            "Renegade_BlackCamoCargoPants",
            "Renegade_BlackGreenCargoPants",
            "Renegade_BlackPixelCargoPants",
            "Renegade_BlackYellowPixelCargoPants",                            
            "Renegade_BlueCamoPixelCargoPants",
            "Renegade_BlueGrunge_2CargoPants",
            "Renegade_BlueGrungeCargoPants",
            "Renegade_BluePixelCargoPants",
            "Renegade_BrightGreenCargoPants",
            "Renegade_Camo1CargoPants",
            "Renegade_ForestCargoPants",
            "Renegade_ForestGreenCargoPants",
            "Renegade_GreenCamo_2CargoPants",
            "Renegade_GreenCamo_3CargoPants",
            "Renegade_GreenCamo_4CargoPants",
            "Renegade_GreenCamoCargoPants",
            "Renegade_GreenPixelCargoPants",
            "Renegade_MilitaryCamoCargoPants",
            "Renegade_MilitaryCamo_2CargoPants",
            "Renegade_OrangeCamoCargoPants",
            "Renegade_RedCamoCargoPants",
            "Renegade_RedGreyCamoCargoPants",
            "Renegade_PureBlackCargoPants"
        ]
      }
    ]
}