{
    "m_Version": 12,
    "DisplayName": "Gilets Reneegade",
    "Icon": "Deliver",
    "Color": "FBFCFEFF",
    "IsExchange": 0,
    "InitStockPercent": 75,
    "Items": [
      {
        "ClassName": "Renegade_BlackPlateCarrier",
        "MaxPriceThreshold": 500000,
        "MinPriceThreshold": 500000,
        "SellPricePercent": -1,
        "MaxStockThreshold": 100,
        "MinStockThreshold": 1,
        "QuantityPercent": -1,
        "SpawnAttachments": [],
        "Variants": [
            "Renegade_BlackBluePlateCarrier",
            "Renegade_BlackOrangePlateCarrier",
            "Renegade_BlackScalePlateCarrier",
            "Renegade_BlueCamoPlateCarrier",
            "Renegade_DarkCamoPlateCarrier",
            "Renegade_LightCamoPlateCarrier",
            "Renegade_CamoScalePlateCarrier",
            "Renegade_GalaxyPlateCarrier",
            "Renegade_NavyGoldPlateCarrier",
            "Renegade_OrangeLinesPlateCarrier",
            "Renegade_PinkCamoPlateCarrier",
            "Renegade_RedScalePlateCarrier",
            "Renegade_BlackBlueDarkPlateCarrier",
            "Renegade_BlackCamoPlateCarrier",
            "Renegade_BlackGreenPlateCarrier",
            "Renegade_BlackPixelPlateCarrier",
            "Renegade_BlackYellowPixelPlateCarrier",                        
            "Renegade_BlueCamoPixelPlateCarrier",
            "Renegade_BlueGrunge_2PlateCarrier",
            "Renegade_BlueGrungePlateCarrier",
            "Renegade_BluePixelPlateCarrier",
            "Renegade_BrightGreenPlateCarrier",
            "Renegade_Camo1PlateCarrier",
            "Renegade_ForestPlateCarrier",
            "Renegade_ForestGreenPlateCarrier",
            "Renegade_GreenCamo_2PlateCarrier",
            "Renegade_GreenCamo_3PlateCarrier",
            "Renegade_GreenCamo_4PlateCarrier",
            "Renegade_GreenCamoPlateCarrier",
            "Renegade_GreenPixelPlateCarrier",
            "Renegade_MilitaryCamoPlateCarrier",
            "Renegade_MilitaryCamo_2PlateCarrier",                        
            "Renegade_OrangeCamoPlateCarrier",
            "Renegade_RedCamoPlateCarrier",
            "Renegade_RedGreyCamoPlateCarrier",
            "Renegade_PureBlackPlateCarrier"
        ]
      },
      {
        "ClassName": "Renegade_BlackPressVest",
        "MaxPriceThreshold": 500000,
        "MinPriceThreshold": 500000,
        "SellPricePercent": -1,
        "MaxStockThreshold": 100,
        "MinStockThreshold": 1,
        "QuantityPercent": -1,
        "SpawnAttachments": [],
        "Variants": [
            "Renegade_BlackBlueCamoPressVest",
            "Renegade_BlackOrangePressVest",
            "Renegade_BlackScalePressVest",
            "Renegade_BlueCamoPressVest",
            "Renegade_DarkCamoPressVest",
            "Renegade_LightCamoPressVest",
            "Renegade_CamoScalePressVest",
            "Renegade_GalaxyPressVest",
            "Renegade_NavyGoldPressVest",
            "Renegade_OrangeLinesPressVest",
            "Renegade_PinkCamoPressVest",
            "Renegade_RedScalePressVest",
            "Renegade_BlackBlueDarkPressVest",
            "Renegade_BlackCamoPressVest",
            "Renegade_BlackGreenPressVest",
            "Renegade_BlackPixelPressVest",
            "Renegade_BlackYellowPixelPressVest",
            "Renegade_BlueCamoPixelPressVest",
            "Renegade_BlueGrunge_2PressVest",
            "Renegade_BlueGrungePressVest",
            "Renegade_BluePixelPressVest",
            "Renegade_BrightGreenPressVest",
            "Renegade_Camo1PressVest",
            "Renegade_ForestPressVest",
            "Renegade_ForestGreenPressVest",
            "Renegade_GreenCamo_2PressVest",
            "Renegade_GreenCamo_3PressVest",
            "Renegade_GreenCamo_4PressVest",
            "Renegade_GreenCamoPressVest",
            "Renegade_GreenPixelPressVest",
            "Renegade_MilitaryCamoPressVest",
            "Renegade_MilitaryCamo_2PressVest",
            "Renegade_OrangeCamoPressVest",
            "Renegade_RedCamoPressVest",
            "Renegade_RedGreyCamoPressVest",
            "Renegade_PureBlackPressVest"
        ]
      }
    ]
    }