{
    "m_Version": 12,
    "DisplayName": "Boites de protection Renegade",
    "Icon": "Deliver",
    "Color": "FBFCFEFF",
    "IsExchange": 0,
    "InitStockPercent": 75,
    "Items": [
      {
        "ClassName": "Renegade_BlackProtectorCase",
        "MaxPriceThreshold": 500000,
        "MinPriceThreshold": 500000,
        "SellPricePercent": -1,
        "MaxStockThreshold": 100,
        "MinStockThreshold": 1,
        "QuantityPercent": -1,
        "SpawnAttachments": [],
        "Variants": [
            "Renegade_BlackBlueProtectorCase",
            "Renegade_BlackOrangeProtectorCase",
            "Renegade_BlackScaleProtectorCase",
            "Renegade_BlueCamoProtectorCase",
            "Renegade_DarkCamoProtectorCase",
            "Renegade_LightCamoProtectorCase",
            "Renegade_CamoScaleProtectorCase",
            "Renegade_GalaxyProtectorCase",
            "Renegade_NavyGoldProtectorCase",
            "Renegade_OrangeLinesProtectorCase",
            "Renegade_PinkCamoProtectorCase",
            "Renegade_RedScaleProtectorCase",
            "Renegade_BlackBlueDarkProtectorCase",                           
            "Renegade_BlackCamoProtectorCase",
            "Renegade_BlackGreenProtectorCase",
            "Renegade_BlackPixelProtectorCase",
            "Renegade_BlackYellowPixelProtectorCase",                        
            "Renegade_BlueCamoPixelProtectorCase",                            
            "Renegade_BlueGrunge_2ProtectorCase",
            "Renegade_BlueGrungeProtectorCase",
            "Renegade_BluePixelProtectorCase",
            "Renegade_BrightGreenProtectorCase",
            "Renegade_Camo1ProtectorCase",
            "Renegade_ForestProtectorCase",
            "Renegade_ForestGreenProtectorCase",
            "Renegade_GreenCamo_2ProtectorCase",
            "Renegade_GreenCamo_3ProtectorCase",
            "Renegade_GreenCamo_4ProtectorCase",
            "Renegade_GreenCamoProtectorCase",
            "Renegade_GreenPixelProtectorCase",
            "Renegade_MilitaryCamoProtectorCase",
            "Renegade_MilitaryCamo_2ProtectorCase",                          
            "Renegade_OrangeCamoProtectorCase",
            "Renegade_RedCamoProtectorCase",
            "Renegade_RedGreyCamoProtectorCase",
            "Renegade_PureBlackProtectorCase"
        ]
      },
      {
        "ClassName": "Renegade_BlackFirstAidKit",
        "MaxPriceThreshold": 200000,
        "MinPriceThreshold": 200000,
        "SellPricePercent": -1,
        "MaxStockThreshold": 100,
        "MinStockThreshold": 1,
        "QuantityPercent": -1,
        "SpawnAttachments": [],
        "Variants": [
            "Renegade_BlackBlueFirstAidKit",
            "Renegade_BlackOrangeFirstAidKit",
            "Renegade_BlackScaleFirstAidKit",
            "Renegade_BlueCamoFirstAidKit",
            "Renegade_DarkCamoFirstAidKit",
            "Renegade_LightCamoFirstAidKit",
            "Renegade_CamoScaleFirstAidKit",
            "Renegade_GalaxyFirstAidKit",
            "Renegade_NavyGoldFirstAidKit",
            "Renegade_OrangeLinesFirstAidKit",
            "Renegade_PinkCamoFirstAidKit",
            "Renegade_RedScaleFirstAidKit",
            "Renegade_BlackBlueDarkFirstAidKit",
            "Renegade_BlackCamoFirstAidKit",
            "Renegade_BlackGreenFirstAidKit",
            "Renegade_BlackPixelFirstAidKit",
            "Renegade_BlackYellowPixelFirstAidKit",                         
            "Renegade_BlueCamoPixelFirstAidKit",
            "Renegade_BlueGrunge_2FirstAidKit",
            "Renegade_BlueGrungeFirstAidKit",
            "Renegade_BluePixelFirstAidKit",
            "Renegade_BrightGreenFirstAidKit",
            "Renegade_Camo1FirstAidKit",
            "Renegade_ForestFirstAidKit",
            "Renegade_ForestGreenFirstAidKit",
            "Renegade_GreenCamo_2FirstAidKit",
            "Renegade_GreenCamo_3FirstAidKit",
            "Renegade_GreenCamo_4FirstAidKit",
            "Renegade_GreenCamoFirstAidKit",
            "Renegade_GreenPixelFirstAidKit",
            "Renegade_MilitaryCamoFirstAidKit",
            "Renegade_MilitaryCamo_2FirstAidKit",
            "Renegade_OrangeCamoFirstAidKit",
            "Renegade_RedCamoFirstAidKit",
            "Renegade_RedGreyCamoFirstAidKit",
            "Renegade_PureBlackFirstAidKit"
        ]
      },
      {
        "ClassName": "Renegade_BlackPlateCarrierPouches",
        "MaxPriceThreshold": 500000,
        "MinPriceThreshold": 500000,
        "SellPricePercent": -1,
        "MaxStockThreshold": 100,
        "MinStockThreshold": 1,
        "QuantityPercent": -1,
        "SpawnAttachments": [],
        "Variants": [
            "Renegade_BlackBluePlateCarrierPouches",                          
            "Renegade_BlackOrangePlateCarrierPouches",                        
            "Renegade_BlackScalePlateCarrierPouches",                    
            "Renegade_BlueCamoPlateCarrierPouches",                      
            "Renegade_DarkCamoPlateCarrierPouches",                         
            "Renegade_LightCamoPlateCarrierPouches",                         
            "Renegade_CamoScalePlateCarrierPouches",                       
            "Renegade_GalaxyPlateCarrierPouches",                          
            "Renegade_NavyGoldPlateCarrierPouches",                          
            "Renegade_OrangeLinesPlateCarrierPouches",                    
            "Renegade_PinkCamoPlateCarrierPouches",                          
            "Renegade_RedScalePlateCarrierPouches",                         
            "Renegade_BlackBlueDarkPlateCarrierPouches",                     
            "Renegade_BlackCamoPlateCarrierPouches",                       
            "Renegade_BlackGreenPlateCarrierPouches",                       
            "Renegade_BlackPixelPlateCarrierPouches",                         
            "Renegade_BlackYellowPixelPlateCarrierPouches",                 
            "Renegade_BlueCamoPixelPlateCarrierPouches",                     
            "Renegade_BlueGrunge_2PlateCarrierPouches",                       
            "Renegade_BlueGrungePlateCarrierPouches",                       
            "Renegade_BluePixelPlateCarrierPouches",                        
            "Renegade_BrightGreenPlateCarrierPouches",                        
            "Renegade_Camo1PlateCarrierPouches",
            "Renegade_ForestPlateCarrierPouches",
            "Renegade_ForestGreenPlateCarrierPouches",                  
            "Renegade_GreenCamo_2PlateCarrierPouches",              
            "Renegade_GreenCamo_3PlateCarrierPouches",                        
            "Renegade_GreenCamo_4PlateCarrierPouches",                        
            "Renegade_GreenCamoPlateCarrierPouches",                        
            "Renegade_GreenPixelPlateCarrierPouches",                         
            "Renegade_MilitaryCamoPlateCarrierPouches",                   
            "Renegade_MilitaryCamo_2PlateCarrierPouches",                   
            "Renegade_OrangeCamoPlateCarrierPouches",                        
            "Renegade_RedCamoPlateCarrierPouches",                           
            "Renegade_RedGreyCamoPlateCarrierPouches",                      
            "Renegade_PureBlackPlateCarrierPouches"
        ]
      }
    ]
    }