{
    "m_Version": 12,
    "DisplayName": "Chaussures Renegade",
    "Icon": "Deliver",
    "Color": "FBFCFEFF",
    "IsExchange": 0,
    "InitStockPercent": 75,
    "Items": [
        {
            "ClassName": "Renegade_BlackAthleticShoes,",
            "MaxPriceThreshold": 500000,
            "MinPriceThreshold": 500000,
            "SellPricePercent": -1,
            "MaxStockThreshold": 100,
            "MinStockThreshold": 1,
            "QuantityPercent": -1,
            "SpawnAttachments": [],
            "Variants": [
                "Renegade_BlackBlueAthleticShoes",
                "Renegade_BlackOrangeAthleticShoes",
                "Renegade_BlackScaleAthleticShoes",
                "Renegade_BlueCamoAthleticShoes",
                "Renegade_DarkCamoAthleticShoes",
                "Renegade_LightCamoAthleticShoes",
                "Renegade_CamoScaleAthleticShoes",
                "Renegade_GalaxyAthleticShoes",
                "Renegade_NavyGoldAthleticShoes",
                "Renegade_OrangeLinesAthleticShoes",
                "Renegade_PinkCamoAthleticShoes",
                "Renegade_RedScaleAthleticShoes",
                "Renegade_BlackBlueDarkAthleticShoes",                          
                "Renegade_BlackCamoAthleticShoes",
                "Renegade_BlackGreenAthleticShoes",
                "Renegade_BlackPixelAthleticShoes",
                "Renegade_BlackYellowPixelAthleticShoes",                         
                "Renegade_BlueCamoPixelAthleticShoes",                        
                "Renegade_BlueGrunge_2AthleticShoes",
                "Renegade_BlueGrungeAthleticShoes",
                "Renegade_BluePixelAthleticShoes",
                "Renegade_BrightGreenAthleticShoes",
                "Renegade_Camo1AthleticShoes",
                "Renegade_ForestAthleticShoes",
                "Renegade_ForestGreenAthleticShoes",
                "Renegade_GreenCamo_2AthleticShoes",
                "Renegade_GreenCamo_3AthleticShoes",
                "Renegade_GreenCamo_4AthleticShoes",
                "Renegade_GreenCamoAthleticShoes",
                "Renegade_GreenPixelAthleticShoes",
                "Renegade_MilitaryCamoAthleticShoes",
                "Renegade_MilitaryCamo_2AthleticShoes",                       
                "Renegade_OrangeCamoAthleticShoes",
                "Renegade_RedCamoAthleticShoes",
                "Renegade_RedGreyCamoAthleticShoes",
                "Renegade_PureBlackAthleticShoes"
            ]
          },
          {
            "ClassName": "Renegade_BlackJungleBoots",
            "MaxPriceThreshold": 500000,
            "MinPriceThreshold": 500000,
            "SellPricePercent": -1,
            "MaxStockThreshold": 100,
            "MinStockThreshold": 1,
            "QuantityPercent": -1,
            "SpawnAttachments": [],
            "Variants": [
                "Renegade_BlackBlueJungleBoots",
                "Renegade_BlackOrangeJungleBoots",
                "Renegade_BlackScaleJungleBoots",
                "Renegade_BlueCamoJungleBoots",
                "Renegade_DarkCamoJungleBoots",
                "Renegade_LightCamoJungleBoots",
                "Renegade_CamoScaleJungleBoots",
                "Renegade_GalaxyJungleBoots",
                "Renegade_NavyGoldJungleBoots",
                "Renegade_OrangeLinesJungleBoots",
                "Renegade_PinkCamoJungleBoots",
                "Renegade_RedScaleJungleBoots",
                "Renegade_BlackBlueDarkJungleBoots",
                "Renegade_BlackCamoJungleBoots",
                "Renegade_BlackGreenJungleBoots",
                "Renegade_BlackPixelJungleBoots",
                "Renegade_BlackYellowPixelJungleBoots",                           
                "Renegade_BlueCamoPixelJungleBoots",
                "Renegade_BlueGrunge_2JungleBoots",
                "Renegade_BlueGrungeJungleBoots",
                "Renegade_BluePixelJungleBoots",
                "Renegade_BrightGreenJungleBoots",
                "Renegade_Camo1JungleBoots",
                "Renegade_ForestJungleBoots",
                "Renegade_ForestGreenJungleBoots",
                "Renegade_GreenCamo_2JungleBoots",
                "Renegade_GreenCamo_3JungleBoots",
                "Renegade_GreenCamo_4JungleBoots",
                "Renegade_GreenCamoJungleBoots",
                "Renegade_GreenPixelJungleBoots",
                "Renegade_MilitaryCamoJungleBoots",
                "Renegade_MilitaryCamo_2JungleBoots",
                "Renegade_OrangeCamoJungleBoots",
                "Renegade_RedCamoJungleBoots",
                "Renegade_RedGreyCamoJungleBoots",
                "Renegade_PureBlackJungleBoots"
            ]
          }
    ]
  }